Wall time,Step,Value
1754398291.1209354,34846,73.61000061035156
1754398321.9667816,39361,75.6500015258789
1754398375.0137894,47194,78.62999725341797
1754398607.09825,82208,81.19999694824219
1754398686.3743432,94367,80.02999877929688
1754398934.9378603,132629,81.30000305175781
1754398962.2803721,136710,79.75
1754399064.2562695,152201,77.72000122070312
1754399085.9878054,155477,77.19000244140625
1754399099.634825,157535,76.72000122070312
1754399157.3578846,166404,78.75
1754399213.4017038,175161,77.4800033569336
1754399251.0314186,180922,78.22000122070312
1754399325.6221857,192304,73.11000061035156
1754399406.4784267,204673,75.47000122070312
1754399419.4358456,206570,74.97000122070312
1754399479.7957833,215831,73.66000366210938
1754399662.2699533,243194,74.51000213623047
1754399715.3623395,251153,70.33000183105469
1754399868.558403,274141,67.33999633789062
1754400094.12291,307566,61.27000045776367
1754400134.2656574,313502,68.3499984741211
1754400280.6011403,334999,62.4900016784668
1754400373.4118845,348915,69.08000183105469
1754400510.5101824,369145,68.27999877929688
1754400514.660196,369740,68.75
1754400539.0473778,373415,68.95999908447266
1754400730.7377937,401569,59.61000061035156
1754400870.7987707,422142,65.25
1754400956.2553763,434665,57.150001525878906
1754400960.716352,435309,58.720001220703125
1754401026.3728414,444780,60.7599983215332
1754401146.7910204,461937,57.16999816894531
1754401160.5798748,463918,57.79999923706055
1754401216.57704,471996,59.08000183105469
1754401269.2299957,479654,60.20000076293945
1754401530.1507938,517244,60.939998626708984
1754401610.5830832,528934,59.93000030517578
1754401659.5742884,535948,56.119998931884766
1754401694.2353303,540953,58.040000915527344
1754401875.1487594,567448,62.880001068115234
1754401910.6412272,572747,66.3499984741211
1754401928.9447246,575211,60.939998626708984
1754402260.0384138,622881,52.4900016784668
1754402426.8244946,647395,52.27000045776367
1754402434.1334877,648494,52.97999954223633
1754402463.9049618,652897,53.709999084472656
1754402468.4575458,653555,52.61000061035156
1754402529.2396247,662704,62.470001220703125
1754402550.4096372,665889,60.08000183105469
1754402643.9295158,679882,59.91999816894531
1754402736.2909508,693756,57.7599983215332
1754402810.0068662,704732,55.279998779296875
1754402912.7282107,720146,54.61000061035156
1754402955.955816,726586,51.20000076293945
1754402996.366126,732431,53.58000183105469
1754403244.4289289,769405,59.709999084472656
1754403404.1655865,792967,52.75
1754403406.3782449,793310,51.619998931884766
1754403438.684451,798105,56.56999969482422
1754403501.5018961,807436,63.709999084472656
1754403612.5971997,824194,54.15999984741211
1754403646.8190968,828926,49.599998474121094
1754403688.681729,835296,59.099998474121094
1754403894.694604,865046,54.11000061035156
1754403977.0374227,877261,53.20000076293945
1754404007.719435,881748,49.130001068115234
1754404020.2208536,883589,53.720001220703125
1754404133.3219151,900389,56.619998931884766
1754404205.7389798,910924,54.119998931884766
1754404261.6480021,919037,54.86000061035156
1754404282.0196598,921949,52.43000030517578
1754404286.823188,922761,52.959999084472656
1754404313.749876,926646,54.5
1754404348.2026386,931770,56.88999938964844
1754404422.4688675,942634,52.84000015258789
1754404553.642987,961954,53.61000061035156
1754404556.464755,962437,54.68000030517578
1754404633.1263032,973546,54.150001525878906
1754404652.4618905,976367,52.77000045776367
1754404681.6853817,980651,56.310001373291016
1754404750.0475643,990493,56.540000915527344
1754404810.6157408,999488,58.540000915527344
1754404826.5568295,1001686,60.220001220703125
1754404965.3763938,1021552,55.40999984741211
1754405024.4120457,1029966,57.63999938964844
1754405091.6269174,1039920,55.2400016784668
1754405146.1809998,1047977,57.13999938964844
1754405195.6186373,1055544,61.459999084472656
1754405493.2421238,1098447,50.7400016784668
1754405607.744365,1114848,54.47999954223633
1754405613.2125518,1115653,54.66999816894531
1754405776.7159772,1139600,52.38999938964844
1754405842.5111098,1149211,59.95000076293945
1754405866.80829,1152753,58.7400016784668
1754405902.1660511,1158066,57.630001068115234
1754406057.5415387,1180270,57.13999938964844
1754406062.7843485,1180998,55.0
1754406128.5142453,1190609,51.099998474121094
1754406406.2578323,1230572,52.040000915527344
1754406417.782805,1232294,49.97999954223633
1754406477.61434,1241023,50.54999923706055
1754406483.5082088,1241926,50.25
1754406504.3751805,1244817,49.43000030517578
1754406552.5421824,1251796,46.970001220703125
1754406603.1703627,1259062,46.15999984741211
1754406641.3237946,1264606,48.849998474121094
1754406735.0012326,1278452,47.61000061035156
1754406911.3194098,1303092,52.599998474121094
1754406922.6302001,1304625,49.29999923706055
1754407304.0582757,1359512,49.779998779296875
1754407372.918927,1369375,49.68000030517578
1754407447.444404,1380127,51.029998779296875
1754407514.2551723,1389668,45.59000015258789
1754407688.7975414,1414644,46.029998779296875
1754407856.6883576,1439179,46.939998626708984
1754407865.1812391,1440369,50.209999084472656
1754408119.4932058,1476286,44.209999084472656
1754408153.0946686,1481095,50.5
1754408154.9943228,1481340,50.22999954223633
1754408160.699068,1482145,49.06999969482422
1754408368.2810102,1511062,42.43000030517578
1754408391.6605015,1514408,47.75
1754408422.893709,1518874,49.41999816894531
1754408481.85124,1527211,42.65999984741211
1754408554.5727744,1537690,48.47999954223633
1754408615.6114526,1546223,46.369998931884766
1754408628.6422691,1548029,46.22999954223633
1754408653.6607256,1551361,43.41999816894531
1754408720.971129,1560685,44.130001068115234
1754408772.5897613,1568042,48.880001068115234
1754408783.773832,1569687,49.58000183105469
1754408868.202829,1581426,43.86000061035156
1754408885.925637,1583946,45.02000045776367
1754408965.1599288,1595076,44.11000061035156
1754408971.2001936,1595986,45.70000076293945
1754408974.3522809,1596392,44.720001220703125
1754409126.3222215,1617840,42.290000915527344
1754409138.3337696,1619576,42.43000030517578
1754409186.0570183,1626422,43.540000915527344
1754409238.4849126,1633905,44.63999938964844
1754409324.6198971,1646113,42.2400016784668
1754409400.519514,1656711,42.56999969482422
1754409437.6510885,1661877,46.06999969482422
1754409570.3306632,1680770,47.869998931884766
1754409575.3076146,1681519,48.2400016784668
1754409594.3456993,1684305,47.86000061035156
1754409641.153517,1690941,46.029998779296875
1754409683.5655906,1696800,44.02000045776367
1754409742.3246505,1704843,41.86000061035156
1754409745.5117378,1705228,41.09000015258789
1754409787.1479242,1711129,44.25
1754409813.81887,1714762,41.779998779296875
1754409896.7749069,1726389,41.93000030517578
1754409901.5262308,1727096,45.11000061035156
1754409935.395864,1731807,46.349998474121094
1754409984.2285278,1738646,47.310001373291016
1754410016.508413,1743168,44.4900016784668
1754410040.109964,1746528,47.619998931884766
1754410063.0082781,1749811,46.380001068115234
1754410156.834625,1762810,46.83000183105469
1754410226.184318,1772456,40.66999816894531
1754410304.2044215,1783411,48.529998779296875
1754410451.117877,1803704,42.599998474121094
1754410595.0728648,1823850,40.08000183105469
1754410705.409217,1838634,42.18000030517578
1754410866.4804857,1861230,45.34000015258789
1754410937.510568,1870799,41.2400016784668
1754410945.7191868,1871933,41.900001525878906
1754410956.889964,1873389,42.099998474121094
1754411078.2759285,1890147,43.31999969482422
1754411083.4297142,1890826,43.97999954223633
1754411117.2359004,1895355,37.36000061035156
1754411155.248144,1900836,45.63999938964844
1754411190.3975942,1905568,42.52000045776367
1754411278.5885916,1917755,45.2400016784668
1754411289.237213,1919225,40.41999816894531
1754411342.6577182,1926729,41.41999816894531
1754411388.2039316,1932903,37.810001373291016
1754411393.817351,1933708,40.119998931884766
1754411528.0691466,1952167,39.08000183105469
1754411559.3422666,1956528,44.220001220703125
1754411634.5257237,1966979,40.97999954223633
1754411670.1142135,1971704,39.04999923706055
1754411745.0577676,1982036,41.09000015258789
1754411791.8837738,1988532,39.34000015258789
1754411840.7866259,1995035,40.66999816894531
1754411856.3290682,1997247,41.349998474121094
1754411883.9379628,2001006,39.400001525878906
1754411908.731773,2004184,43.529998779296875
1754411925.123148,2006340,42.040000915527344
1754411959.242884,2011044,42.540000915527344
1754412043.7625628,2022538,45.279998779296875
1754412148.174953,2036727,39.33000183105469
1754412170.5083804,2039786,40.130001068115234
1754412298.967965,2057552,42.88999938964844
1754412342.732301,2063551,39.630001068115234
1754412393.3329127,2070537,43.63999938964844
1754412394.7896283,2070670,43.849998474121094
1754412414.5358171,2073372,39.439998626708984
1754412462.132525,2079959,40.849998474121094
1754412490.0953114,2083676,39.45000076293945
1754412507.2368665,2086119,42.93000030517578
1754412561.4794621,2093595,41.54999923706055
1754412588.0179234,2097151,39.220001220703125
1754412625.2531955,2102219,39.790000915527344
1754412626.110913,2102366,39.91999816894531
1754412627.3377638,2102513,39.81999969482422
1754412639.7568452,2104319,41.119998931884766
1754412654.8668685,2106419,42.40999984741211
1754412662.234761,2107406,41.27000045776367
1754412677.837431,2109618,40.060001373291016
1754412758.2821865,2120510,39.209999084472656
1754412788.5041304,2124584,36.75
1754412844.0104718,2131941,38.41999816894531
1754412904.0731976,2140012,39.29999923706055
1754412932.8736808,2144072,42.0099983215332
1754413077.1357963,2163644,38.689998626708984
1754413081.189667,2164148,38.84000015258789
1754413139.5326183,2172303,37.5099983215332
1754413205.1623223,2180962,38.47999954223633
1754413212.8902233,2181991,38.45000076293945
1754413264.704464,2189012,39.59000015258789
1754413284.3964987,2191672,40.16999816894531
1754413379.4422784,2204559,44.099998474121094
1754413420.8298655,2209956,37.540000915527344
1754413431.4499872,2211447,37.59000015258789
1754413434.1080348,2211853,38.060001373291016
1754413506.1252356,2221639,41.13999938964844
1754413525.4166849,2224236,39.970001220703125
1754413578.4121263,2231397,38.54999923706055
1754413880.746514,2272620,40.400001525878906
1754413886.442265,2273390,41.0099983215332
1754413895.0743442,2274622,40.400001525878906
1754413963.6478672,2284009,39.27000045776367
1754413991.2436867,2287740,40.08000183105469
1754414114.3739884,2304491,39.130001068115234
1754414233.7857966,2320584,41.310001373291016
1754414313.7488813,2331441,36.04999923706055
1754414319.19339,2332092,35.4900016784668
1754414376.2465756,2339785,38.369998931884766
1754414510.327524,2357817,36.25
1754414548.3817437,2363067,40.45000076293945
1754414689.4701223,2382156,39.41999816894531
1754414712.71924,2385404,39.209999084472656
1754414721.7285326,2386622,38.93000030517578
1754414814.1279268,2399145,38.11000061035156
1754414846.694069,2403513,38.77000045776367
1754414853.5611598,2404465,38.5099983215332
1754414937.7067585,2415910,37.959999084472656
1754415018.2680497,2426725,36.61000061035156
1754415188.0520911,2449790,37.810001373291016
1754415192.8523293,2450434,38.709999084472656
1754415337.4988153,2470104,39.279998779296875
1754415391.8888948,2477559,38.220001220703125
1754415440.576596,2484132,40.41999816894531
1754415446.6517673,2484986,40.470001220703125
1754415471.6440887,2488395,39.099998474121094
1754415473.13109,2488584,40.290000915527344
1754415532.852763,2496816,37.529998779296875
1754415673.712171,2516003,40.650001525878906
1754415795.9631417,2532628,39.04999923706055
1754415878.615895,2543772,35.59000015258789
1754416017.482456,2562406,38.470001220703125
1754416034.455714,2564744,35.849998474121094
1754416092.1871288,2572444,39.040000915527344
1754416096.8294168,2573053,40.54999923706055
1754416162.410745,2581859,35.369998931884766
1754416221.5884428,2590000,40.72999954223633
1754416582.6578639,2638587,35.15999984741211
1754416626.368203,2644537,39.58000183105469
1754416700.1618617,2654540,39.18000030517578
1754416731.6527798,2658922,38.66999816894531
1754416739.316165,2659923,37.27000045776367
1754416813.2313406,2669898,39.72999954223633
1754416837.786711,2673251,40.9900016784668
1754416940.1693857,2687006,35.34000015258789
1754417014.7303958,2697191,40.34000015258789
1754417070.3626833,2704856,39.7599983215332
1754417147.259383,2715062,37.63999938964844
1754417249.3507261,2728950,40.83000183105469
1754417295.3423262,2735131,38.61000061035156
1754417419.9354432,2751770,36.95000076293945
1754417474.011119,2758812,36.95000076293945
1754417535.9102962,2767100,40.58000183105469
1754417543.366955,2768136,39.02000045776367
1754417639.7092817,2781065,37.43000030517578
1754417644.7912853,2781744,36.77000045776367
1754417651.9474032,2782640,35.43000030517578
1754417697.759292,2788905,41.400001525878906
1754417730.121931,2793336,39.31999969482422
1754417807.7152226,2803822,37.65999984741211
1754417954.5060966,2823744,39.029998779296875
1754417979.1268284,2826992,36.7400016784668
1754418090.3062854,2842000,40.81999969482422
1754418107.862685,2844345,39.31999969482422
1754418229.685082,2860564,38.88999938964844
1754418293.5620291,2869251,38.15999984741211
1754418311.5621798,2871750,39.77000045776367
1754418400.9134338,2883895,42.310001373291016
1754418454.4787965,2890972,37.599998474121094
1754418519.9668844,2899876,38.189998626708984
1754418552.1004944,2904244,38.099998474121094
1754418601.237829,2910789,35.15999984741211
1754418736.6939821,2929129,36.66999816894531
1754418877.3592136,2948162,41.470001220703125
1754418893.3262887,2950325,39.5
1754418932.8203747,2955610,38.9900016784668
1754419187.4370003,2989399,35.060001373291016
1754419229.2856326,2995006,39.040000915527344
1754419371.809615,3014270,37.849998474121094
1754419425.7675486,3021522,36.0
1754419601.0780036,3044986,37.779998779296875
1754419869.2482414,3080749,38.08000183105469
1754419981.824405,3095967,38.65999984741211
1754420194.2819812,3124233,38.90999984741211
1754420207.3223326,3126053,39.810001373291016
1754420332.2690618,3142769,35.119998931884766
1754420337.587792,3143511,35.0099983215332
1754420448.1853747,3158302,36.5099983215332
1754420482.1320808,3162880,35.58000183105469
1754420498.7931597,3165099,37.060001373291016
1754420502.296802,3165561,38.16999816894531
1754420572.2210002,3174794,37.59000015258789
1754420576.1299472,3175249,36.5099983215332
1754420650.6218698,3185203,39.0
1754420696.8593976,3191524,38.25
1754420717.8840716,3194408,39.779998779296875
1754420766.9102347,3200827,36.7400016784668
1754420773.1448054,3201639,35.650001525878906
1754420791.780054,3204061,36.72999954223633
1754420885.5344243,3216661,34.52000045776367
1754420932.644122,3223031,37.720001220703125
1754420941.080215,3224130,34.56999969482422
1754421200.5125268,3258808,39.04999923706055
1754421311.4212523,3273347,32.90999984741211
1754421327.0362196,3275489,33.18000030517578
1754421327.930693,3275650,33.65999984741211
1754421388.0623422,3283588,35.29999923706055
1754421435.9653168,3289951,37.38999938964844
1754421474.5669987,3295117,32.939998626708984
1754421525.3414915,3302033,37.380001068115234
1754421605.5462089,3312652,37.040000915527344
1754421663.6516843,3320415,37.470001220703125
1754421682.3431814,3322760,34.79999923706055
1754421774.0648546,3334793,36.9900016784668
1754421832.8138504,3342808,38.75
1754421871.0427637,3347918,40.150001525878906
1754422195.2050734,3390751,35.83000183105469
1754422208.1864524,3392494,35.58000183105469
1754422222.8450043,3394398,32.90999984741211
1754422250.0353956,3398101,38.099998474121094
1754422310.2099192,3406186,36.900001525878906
1754422381.6469815,3415930,37.380001068115234
1754422419.1675115,3420900,35.36000061035156
1754422432.3239942,3422615,34.349998474121094
1754422444.4443464,3424148,34.939998626708984
1754422568.5329027,3440584,36.70000076293945
1754422569.162126,3440675,36.279998779296875
1754422575.2204306,3441459,35.029998779296875
1754422592.0312357,3443706,33.68000030517578
1754422720.909385,3460898,39.11000061035156
1754422726.7358124,3461696,35.83000183105469
1754422793.3303444,3470467,36.4900016784668
1754422873.3861425,3481065,37.459999084472656
1754422876.9816911,3481506,37.7599983215332
1754422941.092848,3490102,35.720001220703125
1754422953.956865,3491803,36.68000030517578
1754422959.122397,3492475,38.849998474121094
1754422959.9714465,3492629,39.189998626708984
1754423065.0464559,3506636,36.20000076293945
1754423188.7712688,3523149,37.970001220703125
1754423245.0658474,3530751,38.9900016784668
1754423252.829069,3531829,37.529998779296875
1754423268.44808,3533838,33.119998931884766
1754423283.88443,3535868,34.459999084472656
1754423355.707352,3545290,33.84000015258789
1754423384.7206502,3549119,34.97999954223633
1754423433.4749389,3555594,36.91999816894531
1754423511.558423,3565996,36.869998931884766
1754423529.079872,3568236,36.529998779296875
1754423551.651208,3571246,35.95000076293945
1754423559.1235876,3572191,36.25
1754423663.0886598,3585974,35.939998626708984
1754423665.2789142,3586261,36.09000015258789
1754423805.0556169,3604804,33.7400016784668
1754423823.200316,3607198,33.369998931884766
1754423834.9485476,3608794,37.83000183105469
1754423898.699396,3617278,34.5099983215332
1754423903.9990056,3618006,34.650001525878906
1754423931.0468285,3621499,30.3799991607666
1754434880.4510746,3644027,55.66999816894531
1754435190.8898191,5040610,35.2400016784668
1754435225.7641144,5045400,48.02000045776367
1754435253.0243986,5049170,46.880001068115234
1754435315.7355022,5057840,51.150001525878906
1754435339.6902823,5060940,45.029998779296875
1754435372.0765972,5065130,46.75
1754435420.5715213,5071590,47.36000061035156
1754435516.9101257,5083790,42.900001525878906
1754435573.6169991,5090900,41.310001373291016
1754435587.3032727,5092670,38.7400016784668
1754435705.584478,5107480,40.529998779296875
1754435721.2189891,5109380,36.189998626708984
1754435863.9569209,5127560,39.689998626708984
1754435917.5376658,5134460,39.54999923706055
1754435929.5996597,5135930,37.88999938964844
1754435932.237747,5136270,37.70000076293945
1754435938.1376235,5137060,40.16999816894531
1754436029.6300375,5148710,41.84000015258789
1754436046.8153386,5150950,38.06999969482422
1754436131.8895886,5161670,37.29999923706055
1754436137.4047167,5162400,36.18000030517578
1754436152.1250203,5164360,38.34000015258789
1754436262.8450897,5178430,39.93000030517578
1754436350.1814518,5189630,38.41999816894531
1754436354.1674776,5190120,37.709999084472656
1754436445.398667,5201780,36.939998626708984
1754436459.483896,5203640,37.95000076293945
1754436476.6841247,5205860,37.040000915527344
1754436502.013383,5209080,40.27000045776367
1754436515.989604,5210970,38.400001525878906
1754436684.7399096,5232380,38.4900016784668
1754436755.5999749,5241420,36.349998474121094
1754436771.1453748,5243380,35.040000915527344
1754436804.7775064,5247660,39.459999084472656
1754436953.2898228,5266490,36.9900016784668
1754437010.0784383,5273730,38.16999816894531
1754437076.8300347,5282460,41.65999984741211
1754437106.62217,5286350,41.58000183105469
1754437163.16096,5293640,42.09000015258789
1754437182.6557941,5296180,40.65999984741211
1754437196.1331897,5297980,40.369998931884766
1754437221.4729762,5301290,36.189998626708984
1754437267.792098,5307270,36.7599983215332
1754437296.4073308,5310930,38.0099983215332
1754437307.9982085,5312430,36.83000183105469
1754437380.0842,5321300,36.79999923706055
1754437412.255291,5325390,37.400001525878906
1754437447.2810874,5329790,37.119998931884766
1754437498.748587,5336320,36.08000183105469
1754437506.5509248,5337380,35.79999923706055
1754437544.4373753,5342090,37.810001373291016
1754437552.6544151,5343200,38.77000045776367
1754437569.0417714,5345260,35.869998931884766
1754437580.8544796,5346770,35.91999816894531
1754437647.9211695,5355480,38.27000045776367
1754437662.8352528,5357400,40.209999084472656
1754437724.6925988,5365200,35.93000030517578
1754437736.724949,5366780,38.150001525878906
1754437772.7455475,5371210,39.08000183105469
1754437841.7380075,5379890,38.38999938964844
1754437867.2404718,5383080,38.27000045776367
1754437881.784772,5384870,39.66999816894531
1754437895.8298151,5386640,38.0
1754437913.768168,5388990,37.119998931884766
1754437956.7276132,5394490,39.75
1754437983.191505,5397850,35.97999954223633
1754438003.7538486,5400410,36.58000183105469
1754438026.6926858,5403410,36.86000061035156
1754438051.358798,5406580,37.91999816894531
1754438127.1527317,5416340,42.939998626708984
1754438197.0851514,5425040,38.900001525878906
1754438226.086955,5428710,37.91999816894531
1754438328.1899776,5441400,38.310001373291016
1754438421.5524635,5453140,35.25
1754438621.516584,5478350,37.939998626708984
1754438654.054549,5482470,39.58000183105469
1754438696.2542186,5487840,38.720001220703125
1754438786.0098977,5499450,40.5099983215332
1754438809.0530019,5502340,37.65999984741211
1754438843.1585295,5506600,38.040000915527344
1754438990.5480793,5525140,38.08000183105469
1754439026.5418637,5529660,41.119998931884766
1754439039.5672498,5531340,39.720001220703125
1754439109.928954,5540240,36.7599983215332
1754439182.842915,5549400,42.33000183105469
1754439212.0560806,5553080,38.16999816894531
1754439218.8008885,5553990,39.61000061035156
1754439238.0044012,5556440,38.349998474121094
1754439489.2032604,5587750,36.220001220703125
1754439547.5541844,5595190,41.43000030517578
1754439573.0465806,5598430,39.61000061035156
1754439691.9871373,5613440,41.400001525878906
1754439742.0559447,5619700,40.119998931884766
1754439742.9576545,5619820,40.08000183105469
1754439760.0729885,5621940,37.63999938964844
1754439860.9960864,5634510,33.810001373291016
1754440070.7604098,5660730,38.099998474121094
1754440181.767574,5674740,36.41999816894531
1754440189.6786742,5675720,36.220001220703125
1754440204.018036,5677600,39.720001220703125
1754440223.666064,5680130,39.52000045776367
1754440256.7610204,5684410,37.93000030517578
1754440265.7665992,5685490,38.11000061035156
1754440288.6380117,5688420,38.08000183105469
1754440419.5319164,5704970,38.65999984741211
1754440433.0259855,5706630,37.790000915527344
1754440527.1156285,5718570,36.939998626708984
1754440528.9217486,5718820,37.52000045776367
1754440539.7063813,5720210,38.04999923706055
1754440700.0591555,5740100,37.59000015258789
1754440943.3553154,5770740,38.88999938964844
1754441055.3961444,5784850,37.15999984741211
1754441090.7566893,5789330,35.650001525878906
1754441121.9997735,5793400,35.439998626708984
1754441156.415141,5797700,35.90999984741211
1754441157.5569415,5797860,35.52000045776367
1754441431.2711775,5832280,38.47999954223633
1754441449.9281209,5834580,38.45000076293945
1754441458.2504442,5835680,39.34000015258789
1754441497.7774224,5840630,38.88999938964844
1754441531.9571545,5844850,36.79999923706055
1754441627.9115388,5856910,35.599998474121094
1754441659.3781297,5860840,38.72999954223633
1754441691.9143832,5864710,33.0
1754441766.6391613,5874170,37.45000076293945
1754441803.909326,5878820,35.900001525878906
1754441830.752848,5882130,34.88999938964844
1754441854.7032204,5885210,37.0099983215332
1754441855.6799772,5885390,36.63999938964844
1754441882.014201,5888710,43.93000030517578
1754441882.8971097,5888840,44.4900016784668
1754441932.5467434,5894970,37.7599983215332
1754442050.4149423,5909730,36.63999938964844
1754442129.5715847,5919640,37.93000030517578
1754442167.7809055,5924400,34.790000915527344
1754442170.2522619,5924670,34.25
1754442173.0872426,5925010,34.470001220703125
1754442226.7182238,5931680,37.04999923706055
1754442254.987686,5935160,33.599998474121094
1754442259.0760148,5935690,35.77000045776367
1754442260.981278,5936000,34.84000015258789
1754442296.9099479,5940500,36.61000061035156
1754442346.7376885,5946630,30.489999771118164
1754442367.7854004,5949350,36.63999938964844
1754442498.2496328,5965790,37.58000183105469
1754442596.9037511,5977890,34.5
1754442628.0892239,5981720,38.2400016784668
1754442675.8158915,5987730,38.439998626708984
1754442702.2180972,5991000,36.84000015258789
1754442716.4835937,5992810,35.33000183105469
1754442774.794517,6000100,35.470001220703125
1754442834.5247965,6007570,35.77000045776367
1754442916.7945583,6018050,38.84000015258789
1754442928.922017,6019590,36.650001525878906
1754442967.6466565,6024400,39.970001220703125
1754442970.7358305,6024720,38.9900016784668
1754443096.6538038,6040570,36.58000183105469
1754443119.5195408,6043540,39.650001525878906
1754443308.818794,6067470,37.88999938964844
1754443371.2042003,6075120,35.849998474121094
1754443442.9818106,6084190,35.349998474121094
1754443477.8470907,6088570,37.470001220703125
1754443479.5954072,6088790,37.599998474121094
1754443490.9652147,6090170,34.91999816894531
1754443497.7667367,6091070,35.220001220703125
1754443575.6575778,6100680,37.20000076293945
1754443600.1681998,6103790,40.290000915527344
1754443777.8513112,6126240,38.16999816894531
1754443836.0321724,6133570,37.13999938964844
1754443865.880772,6137400,37.619998931884766
1754443889.3961167,6140250,35.5099983215332
1754443896.717123,6141220,36.779998779296875
1754443898.08476,6141420,36.560001373291016
1754443959.4544861,6149150,36.95000076293945
1754444064.1165767,6162460,35.040000915527344
1754444176.5802248,6176560,36.439998626708984
1754444202.8248901,6179860,35.970001220703125
1754444207.884056,6180470,37.0
1754444232.0800865,6183440,34.95000076293945
1754444325.6934426,6195200,38.720001220703125
1754444333.879881,6196160,39.34000015258789
1754444560.0532112,6224980,38.560001373291016
1754444591.135431,6228920,37.34000015258789
1754444593.7881918,6229230,37.36000061035156
1754444623.4040706,6233010,37.040000915527344
1754444739.0788436,6247660,37.83000183105469
1754444739.9728243,6247810,38.040000915527344
1754444752.3080091,6249260,37.709999084472656
1754444769.6840432,6251480,35.45000076293945
1754444860.673386,6262800,39.279998779296875
1754444892.4128456,6266910,39.56999969482422
1754444925.2848713,6271100,36.7599983215332
1754445088.2666278,6291890,36.939998626708984
1754445126.1455991,6296710,39.220001220703125
1754445229.624851,6310060,37.0099983215332
1754445372.3722663,6328180,39.119998931884766
1754445549.1427534,6350880,41.2400016784668
1754445626.118243,6360810,38.34000015258789
1754445642.0977085,6362950,36.869998931884766
1754445643.6897066,6363090,36.959999084472656
1754445699.0110712,6370080,41.81999969482422
1754445760.056838,6377810,39.290000915527344
1754445842.6024702,6388260,39.099998474121094
1754445987.5221913,6406410,38.56999969482422
1754446020.784309,6410600,35.130001068115234
1754446035.771788,6412630,39.83000183105469
1754446130.2512197,6424670,37.18000030517578
1754446158.906027,6428460,38.619998931884766
1754446170.3681393,6429970,41.66999816894531
1754446204.929791,6434310,36.97999954223633
1754446239.5212655,6438670,37.810001373291016
1754446251.7964797,6440200,35.970001220703125
1754446357.000974,6453680,38.41999816894531
1754446431.0258474,6463290,38.869998931884766
1754446497.2051952,6471730,36.52000045776367
1754446604.7565908,6485610,40.310001373291016
1754446844.7975264,6516140,38.369998931884766
1754446906.9607627,6524160,37.900001525878906
1754446940.1459768,6528330,39.29999923706055
1754446947.0320442,6529210,39.040000915527344
1754447029.4518878,6539920,39.5
1754447088.8127596,6547460,38.34000015258789
1754447237.2323623,6566460,41.16999816894531
1754447241.035247,6566970,39.599998474121094
1754447313.5733955,6576320,38.22999954223633
1754447402.2249923,6587420,36.95000076293945
1754447451.9762032,6593760,40.34000015258789
1754447511.271209,6601420,40.41999816894531
1754447581.1530175,6610380,44.5
1754447610.6759627,6614160,38.2599983215332
1754447612.451934,6614420,39.52000045776367
1754447614.15347,6614630,39.439998626708984
1754447683.8956146,6623690,39.9900016784668
1754447708.5283628,6626790,39.349998474121094
1754447785.6193724,6636720,39.52000045776367
1754447809.3198605,6639630,36.720001220703125
1754447860.4980984,6646230,40.880001068115234
1754447877.1921527,6648330,38.880001068115234
1754447880.4234545,6648730,38.040000915527344
1754447919.4054716,6653580,37.18000030517578
1754448078.9803207,6674160,40.529998779296875
1754448227.2304547,6692880,37.099998474121094
1754448307.7902513,6703360,42.56999969482422
1754448329.3636525,6706130,42.810001373291016
1754448455.871053,6722360,41.13999938964844
1754448506.4085712,6728660,37.970001220703125
1754448550.8463585,6734430,38.970001220703125
1754448560.6899264,6735660,38.13999938964844
1754448568.3548176,6736620,39.2599983215332
1754448619.2633255,6743120,39.630001068115234
1754448652.0856183,6747310,36.25
1754448659.1326272,6748220,36.189998626708984
1754448705.102438,6754170,36.90999984741211
1754448884.3377368,6777370,38.119998931884766
1754448887.3967004,6777760,37.400001525878906
1754448891.8530746,6778400,37.18000030517578
1754448907.134385,6780300,38.52000045776367
1754448914.910926,6781280,38.959999084472656
1754448959.2194483,6786900,38.77000045776367
1754449021.0919178,6794600,37.2400016784668
1754449115.0140078,6806740,38.4900016784668
1754449118.0069878,6807060,37.77000045776367
1754449128.2924657,6808410,38.7400016784668
1754449162.397671,6812720,38.650001525878906
1754449230.3741345,6821160,39.5
1754449249.5570245,6823510,38.7599983215332
1754449269.3494198,6826070,38.13999938964844
1754449364.5941184,6838340,41.599998474121094
1754449436.9225647,6847630,36.470001220703125
1754449443.0707762,6848430,37.11000061035156
1754449473.1363487,6852210,38.970001220703125
1754449498.0167751,6855380,37.220001220703125
1754449500.7214222,6855750,36.630001068115234
1754449511.354833,6857110,37.9900016784668
1754449524.0467305,6858770,38.77000045776367
1754449578.0115478,6865680,38.65999984741211
1754449590.2870595,6867260,38.150001525878906
1754449596.5040748,6868020,39.70000076293945
1754449662.8941164,6876540,39.0
1754449669.8473923,6877460,39.189998626708984
1754449713.9638586,6882980,32.849998474121094
1754449761.0801837,6888900,38.75
1754449820.8735023,6896370,39.310001373291016
1754449921.5783217,6909410,39.40999984741211
1754449992.5772786,6918460,40.619998931884766
1754449995.0669448,6918720,40.7400016784668
1754450005.8415492,6920110,38.880001068115234
1754450031.6642463,6923430,39.95000076293945
1754450051.3680804,6925900,34.9900016784668
1754450100.6958818,6932220,41.150001525878906
1754450123.5392778,6935120,37.459999084472656
1754450133.8661122,6936480,37.4900016784668
1754450156.2513587,6939190,36.08000183105469
1754450369.3783941,6966400,37.040000915527344
1754450430.7339427,6974150,40.16999816894531
1754450509.8499584,6984230,36.900001525878906
1754450545.598862,6988710,36.560001373291016
1754450640.153529,7000700,41.279998779296875
1754450839.78381,7025940,39.7599983215332
1754450866.6936774,7029320,38.79999923706055
1754450922.3787658,7036510,40.310001373291016
1754451019.0217955,7048930,39.58000183105469
1754451030.3565323,7050420,40.54999923706055
1754451038.6806858,7051420,40.40999984741211
1754451046.3821151,7052480,40.130001068115234
1754451068.6123295,7055270,38.45000076293945
1754451123.5013325,7062220,36.52000045776367
1754451144.4057326,7064950,38.41999816894531
1754451205.654146,7072710,40.58000183105469
1754451380.574365,7094320,39.90999984741211
1754451418.686263,7099180,39.7599983215332
1754451440.84963,7101990,40.16999816894531
1754451494.1473415,7108800,38.29999923706055
1754451498.0490701,7109320,39.47999954223633
1754451810.9275863,7149270,37.619998931884766
1754451826.086406,7151140,38.47999954223633
1754451881.4780147,7158240,38.43000030517578
1754451920.974875,7163130,34.66999816894531
1754451925.2712586,7163760,35.45000076293945
1754451949.1087945,7166910,42.849998474121094
1754452025.409744,7176750,38.27000045776367
1754452040.3607564,7178640,36.38999938964844
1754452112.8768244,7187950,39.93000030517578
1754452122.094659,7189060,36.45000076293945
1754452591.7000213,7248550,40.150001525878906
1754452593.7986798,7248860,39.029998779296875
1754452721.0230868,7264790,33.349998474121094
1754452749.5444486,7268450,36.27000045776367
1754452828.2043216,7278490,39.0
1754452845.357235,7280720,39.75
1754452908.391087,7288870,39.68000030517578
1754452965.8185534,7296120,36.93000030517578
1754452972.5300248,7296980,36.31999969482422
1754452985.5076962,7298540,34.790000915527344
1754452988.6410959,7299000,34.4900016784668
1754453009.0351477,7301510,39.650001525878906
1754453029.9592273,7304260,37.369998931884766
1754453034.9471843,7304880,38.66999816894531
1754453049.2850153,7306580,37.540000915527344
1754453197.6178327,7325450,37.58000183105469
1754453215.2706244,7327580,36.459999084472656
1754453255.2772148,7332520,38.29999923706055
1754453277.8052912,7335420,37.27000045776367
1754453279.8053086,7335630,37.79999923706055
1754453314.8308854,7339930,36.02000045776367
1754453377.0933328,7347880,36.09000015258789
1754453489.8877993,7361860,36.959999084472656
1754453533.9538789,7367480,39.18000030517578
1754453564.2346933,7371230,36.540000915527344
1754453699.8497221,7384670,36.619998931884766
1754453846.1843884,7396790,40.09000015258789
1754453938.1756947,7405140,35.56999969482422
1754453983.0896554,7410670,36.5
1754453990.7503624,7411600,34.88999938964844
1754454106.9625258,7426460,38.439998626708984
1754454135.0556796,7429980,36.5
1754454155.0356348,7432370,36.709999084472656
1754454202.648674,7438380,36.779998779296875
1754454374.9506848,7460490,42.02000045776367
1754454387.9794786,7462070,39.470001220703125
1754454412.9471638,7465080,37.630001068115234
1754454431.9316857,7467440,36.720001220703125
1754454506.5164368,7476790,37.650001525878906
1754454818.4234378,7515760,36.25
1754454839.3488393,7518450,38.5
1754454854.0221322,7520360,38.810001373291016
1754454973.7214851,7535380,37.70000076293945
1754455076.1584978,7548240,37.16999816894531
1754455205.0227597,7564580,39.75
1754455398.6362963,7589200,35.810001373291016
1754455458.7617323,7596890,34.779998779296875
1754455472.51853,7598600,36.220001220703125
1754455570.3884783,7611000,33.529998779296875
1754455892.4369328,7651560,38.25
1754455902.7108073,7652910,36.09000015258789
1754455916.1307235,7654560,36.04999923706055
1754455936.951003,7657170,35.70000076293945
1754455937.4207933,7657240,36.11000061035156
1754456052.268673,7671920,33.41999816894531
1754456076.4989004,7674980,37.40999984741211
1754456079.817439,7675390,38.7599983215332
1754456115.140136,7679860,34.70000076293945
1754456133.0505004,7682160,35.619998931884766
1754456166.7668083,7686400,37.77000045776367
1754456214.8905032,7692400,36.95000076293945
1754456223.3217351,7693500,36.970001220703125
1754456377.7678368,7712990,35.43000030517578
1754456388.2339535,7714220,36.31999969482422
1754456409.0397036,7716820,34.56999969482422
1754456424.461617,7718730,36.709999084472656
1754456437.2258027,7720350,36.88999938964844
1754456568.9069598,7736870,38.060001373291016
1754456675.5920305,7750450,37.619998931884766
1754456688.0916302,7752040,38.90999984741211
1754456754.303545,7760450,37.97999954223633
1754456771.776232,7762590,37.470001220703125
1754456833.2061865,7770490,38.290000915527344
1754456863.6751437,7774460,33.68000030517578
1754456946.3905172,7784710,35.7599983215332
1754457098.4991364,7804040,40.619998931884766
1754457205.7856908,7817480,37.63999938964844
1754457318.6463087,7831720,34.459999084472656
1754457440.552587,7847250,32.66999816894531
1754457470.7099106,7851020,34.58000183105469
1754457486.8327472,7853110,34.709999084472656
1754457492.5795836,7853840,34.09000015258789
1754457549.8297808,7860940,33.9900016784668
1754457597.8446681,7866960,35.369998931884766
1754457641.1604307,7872310,36.02000045776367
1754457784.7303853,7890380,36.279998779296875
1754457906.7292533,7905610,37.88999938964844
1754457933.8378615,7909010,37.02000045776367
1754457938.9141757,7909690,36.59000015258789
1754457952.933422,7911490,37.880001068115234
1754457970.958694,7913690,36.43000030517578
1754457971.8558702,7913830,36.36000061035156
1754458002.4663882,7917620,37.0099983215332
1754458004.2403615,7917900,36.779998779296875
1754458030.9743497,7921220,37.91999816894531
1754458058.9829915,7924710,37.599998474121094
1754458179.4302342,7939930,35.08000183105469
1754458433.6770723,7971800,31.979999542236328
1754458463.522203,7975440,34.849998474121094
1754458477.5482075,7977080,32.86000061035156
1754458499.936884,7979850,35.43000030517578
1754458548.6233938,7986000,38.040000915527344
1754458590.0274732,7991240,36.5099983215332
1754458663.9966905,8000480,35.75
1754458746.8124044,8010830,36.66999816894531
1754458774.2072651,8014260,40.22999954223633
1754458870.599992,8026400,37.72999954223633
1754458919.2981625,8032460,39.58000183105469
1754458970.6715662,8038920,34.130001068115234
1754459176.3651907,8064810,36.720001220703125
1754459238.2065141,8072610,40.31999969482422
1754459357.8546767,8087650,40.34000015258789
1754459371.493503,8089460,39.52000045776367
1754459409.7156265,8094210,34.220001220703125
1754459483.44003,8103490,36.58000183105469
1754459500.5992038,8105600,38.619998931884766
1754459509.2025058,8106650,37.029998779296875
1754459514.6452978,8107360,34.77000045776367
1754459534.1311169,8109690,31.049999237060547
1754459537.6490846,8110110,32.08000183105469
1754459565.7399848,8113730,37.040000915527344
1754459595.7831886,8117500,38.08000183105469
1754459724.3180223,8133390,36.150001525878906
1754459748.5034509,8136490,39.97999954223633
1754459813.6519463,8144550,34.650001525878906
1754459815.4576828,8144810,35.369998931884766
1754459829.2616544,8146610,35.41999816894531
1754459898.3180902,8155310,33.66999816894531
1754460015.9149034,8170000,37.810001373291016
1754460036.2361715,8172570,34.779998779296875
1754460054.0406995,8174860,34.95000076293945
1754460110.2992518,8181940,37.22999954223633
1754460218.061526,8195480,35.220001220703125
1754460224.3982425,8196240,36.72999954223633
1754460241.7923467,8198470,37.27000045776367
1754460263.577714,8201180,33.93000030517578
1754460328.9041395,8209330,35.27000045776367
1754460348.2049966,8211720,35.939998626708984
1754460392.0829577,8217100,35.7400016784668
1754460401.0442128,8218200,33.470001220703125
1754460469.6647155,8227000,37.900001525878906
1754460482.891387,8228640,36.619998931884766
1754460518.7165186,8233020,36.33000183105469
1754460562.6156313,8238640,36.13999938964844
1754460653.3634825,8249960,37.77000045776367
1754460683.7507815,8253760,36.93000030517578
1754460719.9670374,8258340,35.369998931884766
1754460791.160066,8267250,33.54999923706055
1754461219.5824523,8320870,34.58000183105469
1754461373.4267359,8340080,36.63999938964844
1754461381.417999,8341070,36.27000045776367
1754461514.9345794,8357580,34.81999969482422
1754461599.0199153,8368130,32.56999969482422
1754461745.4580882,8386340,33.939998626708984
1754461748.676078,8386710,34.290000915527344
1754461761.1908967,8388250,36.790000915527344
1754461773.8494275,8389800,37.95000076293945
1754461777.4960873,8390290,37.09000015258789
1754461799.9488351,8393220,40.849998474121094
1754461841.5666387,8398470,36.83000183105469
1754461849.379551,8399430,35.04999923706055
1754462067.5445037,8426860,39.5
1754462099.4891887,8430880,37.25
1754462139.9575577,8435980,37.54999923706055
1754462179.721641,8440920,37.06999969482422
1754462245.85219,8449210,39.5099983215332
1754462259.27686,8450870,38.79999923706055
1754462283.9350019,8453970,34.97999954223633
1754462299.5932403,8455880,36.08000183105469
1754462460.2362378,8475890,36.689998626708984
1754462577.5545008,8490240,34.93000030517578
1754462603.5475297,8493450,32.5099983215332
1754462956.446844,8537170,35.939998626708984
1754463057.285539,8549800,35.91999816894531
1754463072.2364666,8551720,37.04999923706055
1754463087.3453295,8553650,40.560001373291016
1754463094.8179824,8554600,40.70000076293945
1754463244.910019,8573420,37.63999938964844
1754463303.8387802,8580920,41.880001068115234
1754463536.8088348,8610700,43.880001068115234
1754463540.4258227,8611130,40.56999969482422
1754463732.7499924,8635400,37.130001068115234
1754463746.343953,8637040,36.02000045776367
1754463818.0557363,8646270,38.63999938964844
1754463972.8198946,8665730,37.31999969482422
1754464006.4465594,8669960,37.5
1754464182.1289113,8691780,39.7400016784668
1754464249.9957874,8700370,36.63999938964844
1754464516.0961394,8734440,35.88999938964844
1754464747.948831,8763240,34.2599983215332
1754464837.4419067,8774700,38.529998779296875
1754464904.0037034,8783270,40.4900016784668
1754464909.3142526,8783910,38.790000915527344
1754464912.0170631,8784210,38.7599983215332
1754464925.2182014,8785910,37.72999954223633
1754465359.830542,8841070,39.68000030517578
1754465387.8519607,8844670,38.43000030517578
1754465481.5975962,8856570,39.060001373291016
1754465497.4373343,8858630,36.16999816894531
1754465513.088236,8860560,38.29999923706055
1754465549.6192327,8865330,41.380001068115234
1754465557.4699202,8866320,42.18000030517578
1754465584.1026416,8869640,38.619998931884766
1754465595.2262807,8871010,39.529998779296875
1754465662.5101242,8879600,39.75
1754465719.559304,8886860,39.279998779296875
1754465739.761093,8889370,36.09000015258789
1754465823.6950464,8900140,40.540000915527344
1754465848.199229,8903270,40.810001373291016
1754466008.6039863,8923660,37.11000061035156
1754466064.9136138,8930780,39.290000915527344
1754466106.5681875,8936110,38.0099983215332
1754466109.0085647,8936410,35.5
1754466112.414634,8936830,35.130001068115234
1754466142.400834,8940510,36.4900016784668
1754466161.2816596,8942990,36.119998931884766
1754466197.57661,8947610,37.279998779296875
1754466267.341795,8956390,38.2400016784668
1754466368.5023978,8969290,39.65999984741211
1754466451.839736,8979770,35.9900016784668
1754466587.522006,8996940,39.13999938964844
1754466624.0543542,9001560,39.58000183105469
1754466703.1510243,9011590,40.45000076293945
1754466772.9330332,9020450,35.779998779296875
1754466870.637481,9032960,39.220001220703125
1754466970.6914098,9045580,39.349998474121094
1754466971.5673094,9045700,40.470001220703125
1754467005.9273634,9050050,39.20000076293945
1754467147.2253058,9068310,38.58000183105469
1754467200.2256649,9075050,42.029998779296875
1754467210.1513436,9076360,38.45000076293945
1754467318.2421114,9090020,38.63999938964844
1754467459.9313545,9108490,37.369998931884766
1754467559.3954716,9121490,40.709999084472656
1754467583.9090548,9124570,42.58000183105469
1754467722.24133,9142380,37.529998779296875
1754467759.7754803,9147350,42.66999816894531
1754467792.010292,9151510,39.880001068115234
1754467923.162071,9168290,39.41999816894531
1754468013.3792028,9179810,38.72999954223633
1754468208.5240312,9204680,38.56999969482422
1754468251.0923865,9210190,39.970001220703125
1754468342.8688447,9221920,39.369998931884766
1754468390.8389015,9228070,38.81999969482422
1754468431.9103005,9233360,40.65999984741211
1754468451.699157,9235800,36.540000915527344
1754468518.8282554,9244370,37.20000076293945
1754468549.0439184,9248240,37.939998626708984
1754468560.4542527,9249750,39.0099983215332
1754468603.0379026,9255220,39.65999984741211
1754468765.5616553,9276080,39.72999954223633
1754468786.8549273,9278790,38.779998779296875
1754468790.239022,9279160,38.709999084472656
1754468799.9417365,9280460,38.119998931884766
1754468928.4035335,9296550,39.400001525878906
1754468989.8553615,9304300,43.7599983215332
1754469004.1836503,9306190,43.54999923706055
1754469019.751984,9308150,44.63999938964844
1754469035.597696,9310230,42.93000030517578
1754469264.9931927,9339090,39.540000915527344
1754469302.3040683,9343900,39.18000030517578
1754469477.4934137,9365790,39.02000045776367
1754469508.804423,9369620,36.970001220703125
1754469545.6671944,9374280,39.380001068115234
1754469555.5355086,9375460,39.04999923706055
1754469608.798053,9382320,40.15999984741211
1754469701.8226595,9394190,36.18000030517578
1754469819.6272247,9408220,39.459999084472656
1754469839.105667,9410570,37.130001068115234
1754469863.849396,9413710,39.880001068115234
1754469868.600568,9414280,39.04999923706055
1754469961.092385,9425680,36.77000045776367
1754470004.6651764,9431170,37.40999984741211
1754470128.9194684,9446770,39.290000915527344
1754470157.078005,9450280,38.189998626708984
1754470179.0408056,9453160,37.22999954223633
1754470366.538731,9476790,39.75
1754470480.7336922,9490930,39.470001220703125
1754470638.2655282,9510270,38.970001220703125
1754470724.0528378,9520960,41.130001068115234
1754470910.104773,9543730,39.09000015258789
1754470997.611196,9554750,38.95000076293945
1754471000.5778046,9555050,38.779998779296875
1754471017.9881933,9557240,40.279998779296875
